WORDS,REPEAT_PROPENSITY
ABACK,7.0
ABASE,7.0
ABATE,7.0
ABBEY,7.0
ABBOT,7.0
ABHOR,5.0
ABIDE,5.0
ABLED,5.0
ABODE,5.0
ABORT,5.0
ABOUT,5.0
ABOVE,5.0
ABUSE,5.0
ABYSS,7.0
ACORN,5.0
ACRID,5.0
ACTOR,5.0
ACUTE,5.0
ADAGE,7.0
ADAPT,7.0
ADEPT,5.0
ADMIN,5.0
ADMIT,5.0
ADOBE,5.0
ADOPT,5.0
ADORE,5.0
ADORN,5.0
ADULT,5.0
AFFIX,7.0
AFIRE,5.0
AFOOT,7.0
AFOUL,5.0
AFTER,5.0
AGAIN,7.0
AGAPE,7.0
AGATE,7.0
AGENT,5.0
AGILE,5.0
AGING,7.0
AGLOW,5.0
AGONY,5.0
AGREE,7.0
AHEAD,7.0
AIDER,5.0
AISLE,5.0
ALARM,7.0
ALBUM,5.0
ALERT,5.0
ALGAE,7.0
ALIBI,7.0
ALIEN,5.0
ALIGN,5.0
ALIKE,5.0
ALIVE,5.0
ALLAY,9.0
ALLEY,7.0
ALLOT,7.0
ALLOW,7.0
ALLOY,7.0
ALOFT,5.0
ALONE,5.0
ALONG,5.0
ALOOF,7.0
ALOUD,5.0
ALPHA,7.0
ALTAR,7.0
ALTER,5.0
AMASS,9.0
AMAZE,7.0
AMBER,5.0
AMBLE,5.0
AMEND,5.0
AMISS,7.0
AMITY,5.0
AMONG,5.0
AMPLE,5.0
AMPLY,5.0
AMUSE,5.0
ANGEL,5.0
ANGER,5.0
ANGLE,5.0
ANGRY,5.0
ANGST,5.0
ANIME,5.0
ANKLE,5.0
ANNEX,7.0
ANNOY,7.0
ANNUL,7.0
ANODE,5.0
ANTIC,5.0
ANVIL,5.0
AORTA,7.0
APART,7.0
APHID,5.0
APING,5.0
APNEA,7.0
APPLE,7.0
APPLY,7.0
APRON,5.0
APTLY,5.0
ARBOR,7.0
ARDOR,7.0
ARENA,7.0
ARGUE,5.0
ARISE,5.0
ARMOR,7.0
AROMA,7.0
AROSE,5.0
ARRAY,9.0
ARROW,7.0
ARSON,5.0
ARTSY,5.0
ASCOT,5.0
ASHEN,5.0
ASIDE,5.0
ASKEW,5.0
ASSAY,9.0
ASSET,7.0
ATOLL,7.0
ATONE,5.0
ATTIC,7.0
AUDIO,5.0
AUDIT,5.0
AUGUR,7.0
AUNTY,5.0
AVAIL,7.0
AVERT,5.0
AVIAN,7.0
AVOID,5.0
AWAIT,7.0
AWAKE,7.0
AWARD,7.0
AWARE,7.0
AWASH,7.0
AWFUL,5.0
AWOKE,5.0
AXIAL,7.0
AXIOM,5.0
AXION,5.0
AZURE,5.0
BACON,5.0
BADGE,5.0
BADLY,5.0
BAGEL,5.0
BAGGY,7.0
BAKER,5.0
BALER,5.0
BALMY,5.0
BANAL,7.0
BANJO,5.0
BARGE,5.0
BARON,5.0
BASAL,7.0
BASIC,5.0
BASIL,5.0
BASIN,5.0
BASIS,7.0
BASTE,5.0
BATCH,5.0
BATHE,5.0
BATON,5.0
BATTY,7.0
BAWDY,5.0
BAYOU,5.0
BEACH,5.0
BEADY,5.0
BEARD,5.0
BEAST,5.0
BEECH,7.0
BEEFY,7.0
BEFIT,5.0
BEGAN,5.0
BEGAT,5.0
BEGET,7.0
BEGIN,5.0
BEGUN,5.0
BEING,5.0
BELCH,5.0
BELIE,7.0
BELLE,9.0
BELLY,7.0
BELOW,5.0
BENCH,5.0
BERET,7.0
BERRY,7.0
BERTH,5.0
BESET,7.0
BETEL,7.0
BEVEL,7.0
BEZEL,7.0
BIBLE,7.0
BICEP,5.0
BIDDY,7.0
BIGOT,5.0
BILGE,5.0
BILLY,7.0
BINGE,5.0
BINGO,5.0
BIOME,5.0
BIRCH,5.0
BIRTH,5.0
BISON,5.0
BITTY,7.0
BLACK,5.0
BLADE,5.0
BLAME,5.0
BLAND,5.0
BLANK,5.0
BLARE,5.0
BLAST,5.0
BLAZE,5.0
BLEAK,5.0
BLEAT,5.0
BLEED,7.0
BLEEP,7.0
BLEND,5.0
BLESS,7.0
BLIMP,5.0
BLIND,5.0
BLINK,5.0
BLISS,7.0
BLITZ,5.0
BLOAT,5.0
BLOCK,5.0
BLOKE,5.0
BLOND,5.0
BLOOD,7.0
BLOOM,7.0
BLOWN,5.0
BLUER,5.0
BLUFF,7.0
BLUNT,5.0
BLURB,7.0
BLURT,5.0
BLUSH,5.0
BOARD,5.0
BOAST,5.0
BOBBY,11.0
BONEY,5.0
BONGO,7.0
BONUS,5.0
BOOBY,9.0
BOOST,7.0
BOOTH,7.0
BOOTY,7.0
BOOZE,7.0
BOOZY,7.0
BORAX,5.0
BORNE,5.0
BOSOM,7.0
BOSSY,7.0
BOTCH,5.0
BOUGH,5.0
BOULE,5.0
BOUND,5.0
BOWEL,5.0
BOXER,5.0
BRACE,5.0
BRAID,5.0
BRAIN,5.0
BRAKE,5.0
BRAND,5.0
BRASH,5.0
BRASS,7.0
BRAVE,5.0
BRAVO,5.0
BRAWL,5.0
BRAWN,5.0
BREAD,5.0
BREAK,5.0
BREED,7.0
BRIAR,7.0
BRIBE,7.0
BRICK,5.0
BRIDE,5.0
BRIEF,5.0
BRINE,5.0
BRING,5.0
BRINK,5.0
BRINY,5.0
BRISK,5.0
BROAD,5.0
BROIL,5.0
BROKE,5.0
BROOD,7.0
BROOK,7.0
BROOM,7.0
BROTH,5.0
BROWN,5.0
BRUNT,5.0
BRUSH,5.0
BRUTE,5.0
BUDDY,7.0
BUDGE,5.0
BUGGY,7.0
BUGLE,5.0
BUILD,5.0
BUILT,5.0
BULGE,5.0
BULKY,5.0
BULLY,7.0
BUNCH,5.0
BUNNY,7.0
BURLY,5.0
BURNT,5.0
BURST,5.0
BUSED,5.0
BUSHY,5.0
BUTCH,5.0
BUTTE,7.0
BUXOM,5.0
BUYER,5.0
BYLAW,5.0
CABAL,7.0
CABBY,7.0
CABIN,5.0
CABLE,5.0
CACAO,9.0
CACHE,7.0
CACTI,7.0
CADDY,7.0
CADET,5.0
CAGEY,5.0
CAIRN,5.0
CAMEL,5.0
CAMEO,5.0
CANAL,7.0
CANDY,5.0
CANNY,7.0
CANOE,5.0
CANON,7.0
CAPER,5.0
CAPUT,5.0
CARAT,7.0
CARGO,5.0
CAROL,5.0
CARRY,7.0
CARVE,5.0
CASTE,5.0
CATCH,7.0
CATER,5.0
CATTY,7.0
CAULK,5.0
CAUSE,5.0
CAVIL,5.0
CEASE,7.0
CEDAR,5.0
CELLO,7.0
CHAFE,5.0
CHAFF,7.0
CHAIN,5.0
CHAIR,5.0
CHALK,5.0
CHAMP,5.0
CHANT,5.0
CHAOS,5.0
CHARD,5.0
CHARM,5.0
CHART,5.0
CHASE,5.0
CHASM,5.0
CHEAP,5.0
CHEAT,5.0
CHECK,7.0
CHEEK,7.0
CHEER,7.0
CHESS,7.0
CHEST,5.0
CHICK,7.0
CHIDE,5.0
CHIEF,5.0
CHILD,5.0
CHILI,7.0
CHILL,7.0
CHIME,5.0
CHINA,5.0
CHIRP,5.0
CHOCK,7.0
CHOIR,5.0
CHOKE,5.0
CHORD,5.0
CHORE,5.0
CHOSE,5.0
CHUCK,7.0
CHUMP,5.0
CHUNK,5.0
CHURN,5.0
CHUTE,5.0
CIDER,5.0
CIGAR,5.0
CINCH,7.0
CIRCA,7.0
CIVIC,9.0
CIVIL,7.0
CLACK,7.0
CLAIM,5.0
CLAMP,5.0
CLANG,5.0
CLANK,5.0
CLASH,5.0
CLASP,5.0
CLASS,7.0
CLEAN,5.0
CLEAR,5.0
CLEAT,5.0
CLEFT,5.0
CLERK,5.0
CLICK,7.0
CLIFF,7.0
CLIMB,5.0
CLING,5.0
CLINK,5.0
CLOAK,5.0
CLOCK,7.0
CLONE,5.0
CLOSE,5.0
CLOTH,5.0
CLOUD,5.0
CLOUT,5.0
CLOVE,5.0
CLOWN,5.0
CLUCK,7.0
CLUED,5.0
CLUMP,5.0
CLUNG,5.0
COACH,7.0
COAST,5.0
COBRA,5.0
COCOA,9.0
COLON,7.0
COLOR,7.0
COMET,5.0
COMFY,5.0
COMIC,7.0
COMMA,7.0
CONCH,7.0
CONDO,7.0
CONIC,7.0
COPSE,5.0
CORAL,5.0
CORER,7.0
CORNY,5.0
COUCH,7.0
COUGH,5.0
COULD,5.0
COUNT,5.0
COUPE,5.0
COURT,5.0
COVEN,5.0
COVER,5.0
COVET,5.0
COVEY,5.0
COWER,5.0
COYLY,7.0
CRACK,7.0
CRAFT,5.0
CRAMP,5.0
CRANE,5.0
CRANK,5.0
CRASH,5.0
CRASS,7.0
CRATE,5.0
CRAVE,5.0
CRAWL,5.0
CRAZE,5.0
CRAZY,5.0
CREAK,5.0
CREAM,5.0
CREDO,5.0
CREED,7.0
CREEK,7.0
CREEP,7.0
CREME,7.0
CREPE,7.0
CREPT,5.0
CRESS,7.0
CREST,5.0
CRICK,7.0
CRIED,5.0
CRIER,7.0
CRIME,5.0
CRIMP,5.0
CRISP,5.0
CROAK,5.0
CROCK,7.0
CRONE,5.0
CRONY,5.0
CROOK,7.0
CROSS,7.0
CROUP,5.0
CROWD,5.0
CROWN,5.0
CRUDE,5.0
CRUEL,5.0
CRUMB,5.0
CRUMP,5.0
CRUSH,5.0
CRUST,5.0
CRYPT,5.0
CUBIC,7.0
CUMIN,5.0
CURIO,5.0
CURLY,5.0
CURRY,7.0
CURSE,5.0
CURVE,5.0
CURVY,5.0
CUTIE,5.0
CYBER,5.0
CYCLE,7.0
CYNIC,7.0
DADDY,11.0
DAILY,5.0
DAIRY,5.0
DAISY,5.0
DALLY,7.0
DANCE,5.0
DANDY,7.0
DATUM,5.0
DAUNT,5.0
DEALT,5.0
DEATH,5.0
DEBAR,5.0
DEBIT,5.0
DEBUG,5.0
DEBUT,5.0
DECAL,5.0
DECAY,5.0
DECOR,5.0
DECOY,5.0
DECRY,5.0
DEFER,7.0
DEIGN,5.0
DEITY,5.0
DELAY,5.0
DELTA,5.0
DELVE,7.0
DEMON,5.0
DEMUR,5.0
DENIM,5.0
DENSE,7.0
DEPOT,5.0
DEPTH,5.0
DERBY,5.0
DETER,7.0
DETOX,5.0
DEUCE,7.0
DEVIL,5.0
DIARY,5.0
DICEY,5.0
DIGIT,7.0
DILLY,7.0
DIMLY,5.0
DINER,5.0
DINGO,5.0
DINGY,5.0
DIODE,7.0
DIRGE,5.0
DIRTY,5.0
DISCO,5.0
DITCH,5.0
DITTO,7.0
DITTY,7.0
DIVER,5.0
DIZZY,7.0
DODGE,7.0
DODGY,7.0
DOGMA,5.0
DOING,5.0
DOLLY,7.0
DONOR,7.0
DONUT,5.0
DOPEY,5.0
DOUBT,5.0
DOUGH,5.0
DOWDY,7.0
DOWEL,5.0
DOWNY,5.0
DOWRY,5.0
DOZEN,5.0
DRAFT,5.0
DRAIN,5.0
DRAKE,5.0
DRAMA,7.0
DRANK,5.0
DRAPE,5.0
DRAWL,5.0
DRAWN,5.0
DREAD,7.0
DREAM,5.0
DRESS,7.0
DRIED,7.0
DRIER,7.0
DRIFT,5.0
DRILL,7.0
DRINK,5.0
DRIVE,5.0
DROIT,5.0
DROLL,7.0
DRONE,5.0
DROOL,7.0
DROOP,7.0
DROSS,7.0
DROVE,5.0
DROWN,5.0
DRUID,7.0
DRUNK,5.0
DRYER,7.0
DRYLY,7.0
DUCHY,5.0
DULLY,7.0
DUMMY,7.0
DUMPY,5.0
DUNCE,5.0
DUSKY,5.0
DUSTY,5.0
DUTCH,5.0
DUVET,5.0
DWARF,5.0
DWELL,7.0
DWELT,5.0
DYING,5.0
EAGER,7.0
EAGLE,7.0
EARLY,5.0
EARTH,5.0
EASEL,7.0
EATEN,7.0
EATER,7.0
EBONY,5.0
ECLAT,5.0
EDICT,5.0
EDIFY,5.0
EERIE,11.0
EGRET,7.0
EIGHT,5.0
EJECT,7.0
EKING,5.0
ELATE,7.0
ELBOW,5.0
ELDER,7.0
ELECT,7.0
ELEGY,7.0
ELFIN,5.0
ELIDE,7.0
ELITE,7.0
ELOPE,7.0
ELUDE,7.0
EMAIL,5.0
EMBED,7.0
EMBER,7.0
EMCEE,11.0
EMPTY,5.0
ENACT,5.0
ENDOW,5.0
ENEMA,7.0
ENEMY,7.0
ENJOY,5.0
ENNUI,7.0
ENSUE,7.0
ENTER,7.0
ENTRY,5.0
ENVOY,5.0
EPOCH,5.0
EPOXY,5.0
EQUAL,5.0
EQUIP,5.0
ERASE,7.0
ERECT,7.0
ERODE,7.0
ERROR,11.0
ERUPT,5.0
ESSAY,7.0
ESTER,7.0
ETHER,7.0
ETHIC,5.0
ETHOS,5.0
ETUDE,7.0
EVADE,7.0
EVENT,7.0
EVERY,7.0
EVICT,5.0
EVOKE,7.0
EXACT,5.0
EXALT,5.0
EXCEL,7.0
EXERT,7.0
EXILE,7.0
EXIST,5.0
EXPEL,7.0
EXTOL,5.0
EXTRA,5.0
EXULT,5.0
EYING,5.0
FABLE,5.0
FACET,5.0
FAINT,5.0
FAIRY,5.0
FAITH,5.0
FALSE,5.0
FANCY,5.0
FANNY,7.0
FARCE,5.0
FATAL,7.0
FATTY,7.0
FAULT,5.0
FAUNA,7.0
FAVOR,5.0
FEAST,5.0
FECAL,5.0
FEIGN,5.0
FELLA,7.0
FELON,5.0
FEMME,9.0
FEMUR,5.0
FENCE,7.0
FERAL,5.0
FERRY,7.0
FETAL,5.0
FETCH,5.0
FETID,5.0
FETUS,5.0
FEVER,7.0
FEWER,7.0
FIBER,5.0
FICUS,5.0
FIELD,5.0
FIEND,5.0
FIERY,5.0
FIFTH,7.0
FIFTY,7.0
FIGHT,5.0
FILER,5.0
FILET,5.0
FILLY,7.0
FILMY,5.0
FILTH,5.0
FINAL,5.0
FINCH,5.0
FINER,5.0
FIRST,5.0
FISHY,5.0
FIXER,5.0
FIZZY,7.0
FJORD,5.0
FLACK,5.0
FLAIL,7.0
FLAIR,5.0
FLAKE,5.0
FLAKY,5.0
FLAME,5.0
FLANK,5.0
FLARE,5.0
FLASH,5.0
FLASK,5.0
FLECK,5.0
FLEET,7.0
FLESH,5.0
FLICK,5.0
FLIER,5.0
FLING,5.0
FLINT,5.0
FLIRT,5.0
FLOAT,5.0
FLOCK,5.0
FLOOD,7.0
FLOOR,7.0
FLORA,5.0
FLOSS,7.0
FLOUR,5.0
FLOUT,5.0
FLOWN,5.0
FLUFF,11.0
FLUID,5.0
FLUKE,5.0
FLUME,5.0
FLUNG,5.0
FLUNK,5.0
FLUSH,5.0
FLUTE,5.0
FLYER,5.0
FOAMY,5.0
FOCAL,5.0
FOCUS,5.0
FOGGY,7.0
FOIST,5.0
FOLIO,7.0
FOLLY,7.0
FORAY,5.0
FORCE,5.0
FORGE,5.0
FORGO,7.0
FORTE,5.0
FORTH,5.0
FORTY,5.0
FORUM,5.0
FOUND,5.0
FOYER,5.0
FRAIL,5.0
FRAME,5.0
FRANK,5.0
FRAUD,5.0
FREAK,5.0
FREED,7.0
FREER,9.0
FRESH,5.0
FRIAR,7.0
FRIED,5.0
FRILL,7.0
FRISK,5.0
FRITZ,5.0
FROCK,5.0
FROND,5.0
FRONT,5.0
FROST,5.0
FROTH,5.0
FROWN,5.0
FROZE,5.0
FRUIT,5.0
FUDGE,5.0
FUGUE,7.0
FULLY,7.0
FUNGI,5.0
FUNKY,5.0
FUNNY,7.0
FUROR,7.0
FURRY,7.0
FUSSY,7.0
FUZZY,7.0
GAFFE,7.0
GAILY,5.0
GAMER,5.0
GAMMA,9.0
GAMUT,5.0
GASSY,7.0
GAUDY,5.0
GAUGE,7.0
GAUNT,5.0
GAUZE,5.0
GAVEL,5.0
GAWKY,5.0
GAYER,5.0
GAYLY,7.0
GAZER,5.0
GECKO,5.0
GEEKY,7.0
GEESE,11.0
GENIE,7.0
GENRE,7.0
GHOST,5.0
GHOUL,5.0
GIANT,5.0
GIDDY,7.0
GIPSY,5.0
GIRLY,5.0
GIRTH,5.0
GIVEN,5.0
GIVER,5.0
GLADE,5.0
GLAND,5.0
GLARE,5.0
GLASS,7.0
GLAZE,5.0
GLEAM,5.0
GLEAN,5.0
GLIDE,5.0
GLINT,5.0
GLOAT,5.0
GLOBE,5.0
GLOOM,7.0
GLORY,5.0
GLOSS,7.0
GLOVE,5.0
GLYPH,5.0
GNASH,5.0
GNOME,5.0
GODLY,5.0
GOING,7.0
GOLEM,5.0
GOLLY,7.0
GONAD,5.0
GONER,5.0
GOODY,7.0
GOOEY,7.0
GOOFY,7.0
GOOSE,7.0
GORGE,7.0
GOUGE,7.0
GOURD,5.0
GRACE,5.0
GRADE,5.0
GRAFT,5.0
GRAIL,5.0
GRAIN,5.0
GRAND,5.0
GRANT,5.0
GRAPE,5.0
GRAPH,5.0
GRASP,5.0
GRASS,7.0
GRATE,5.0
GRAVE,5.0
GRAVY,5.0
GRAZE,5.0
GREAT,5.0
GREED,7.0
GREEN,7.0
GREET,7.0
GRIEF,5.0
GRILL,7.0
GRIME,5.0
GRIMY,5.0
GRIND,5.0
GRIPE,5.0
GROAN,5.0
GROIN,5.0
GROOM,7.0
GROPE,5.0
GROSS,7.0
GROUP,5.0
GROUT,5.0
GROVE,5.0
GROWL,5.0
GROWN,5.0
GRUEL,5.0
GRUFF,7.0
GRUNT,5.0
GUARD,5.0
GUAVA,7.0
GUESS,7.0
GUEST,5.0
GUIDE,5.0
GUILD,5.0
GUILE,5.0
GUILT,5.0
GUISE,5.0
GULCH,5.0
GULLY,7.0
GUMBO,5.0
GUMMY,7.0
GUPPY,7.0
GUSTO,5.0
GUSTY,5.0
GYPSY,7.0
HABIT,5.0
HAIRY,5.0
HALVE,5.0
HANDY,5.0
HAPPY,7.0
HARDY,5.0
HAREM,5.0
HARPY,5.0
HARRY,7.0
HARSH,7.0
HASTE,5.0
HASTY,5.0
HATCH,7.0
HATER,5.0
HAUNT,5.0
HAUTE,5.0
HAVEN,5.0
HAVOC,5.0
HAZEL,5.0
HEADY,5.0
HEARD,5.0
HEART,5.0
HEATH,7.0
HEAVE,7.0
HEAVY,5.0
HEDGE,7.0
HEFTY,5.0
HEIST,5.0
HELIX,5.0
HELLO,7.0
HENCE,7.0
HERON,5.0
HILLY,7.0
HINGE,5.0
HIPPO,7.0
HIPPY,7.0
HITCH,7.0
HOARD,5.0
HOBBY,7.0
HOIST,5.0
HOLLY,7.0
HOMER,5.0
HONEY,5.0
HONOR,7.0
HORDE,5.0
HORNY,5.0
HORSE,5.0
HOTEL,5.0
HOTLY,5.0
HOUND,5.0
HOUSE,5.0
HOVEL,5.0
HOVER,5.0
HOWDY,5.0
HUMAN,5.0
HUMID,5.0
HUMOR,5.0
HUMPH,7.0
HUMUS,7.0
HUNCH,7.0
HUNKY,5.0
HURRY,7.0
HUSKY,5.0
HUSSY,7.0
HUTCH,7.0
HYDRO,5.0
HYENA,5.0
HYMEN,5.0
HYPER,5.0
ICILY,7.0
ICING,7.0
IDEAL,5.0
IDIOM,7.0
IDIOT,7.0
IDLER,5.0
IDYLL,7.0
IGLOO,7.0
ILIAC,7.0
IMAGE,5.0
IMBUE,5.0
IMPEL,5.0
IMPLY,5.0
INANE,7.0
INBOX,5.0
INCUR,5.0
INDEX,5.0
INEPT,5.0
INERT,5.0
INFER,5.0
INGOT,5.0
INLAY,5.0
INLET,5.0
INNER,7.0
INPUT,5.0
INTER,5.0
INTRO,5.0
IONIC,7.0
IRATE,5.0
IRONY,5.0
ISLET,5.0
ISSUE,7.0
ITCHY,5.0
IVORY,5.0
JAUNT,5.0
JAZZY,7.0
JELLY,7.0
JERKY,5.0
JETTY,7.0
JEWEL,7.0
JIFFY,7.0
JOINT,5.0
JOIST,5.0
JOKER,5.0
JOLLY,7.0
JOUST,5.0
JUDGE,5.0
JUICE,5.0
JUICY,5.0
JUMBO,5.0
JUMPY,5.0
JUNTA,5.0
JUNTO,5.0
JUROR,7.0
KAPPA,9.0
KARMA,7.0
KAYAK,9.0
KEBAB,7.0
KHAKI,7.0
KINKY,7.0
KIOSK,7.0
KITTY,7.0
KNACK,7.0
KNAVE,5.0
KNEAD,5.0
KNEED,7.0
KNEEL,7.0
KNELT,5.0
KNIFE,5.0
KNOCK,7.0
KNOLL,7.0
KNOWN,7.0
KOALA,7.0
KRILL,7.0
LABEL,7.0
LABOR,5.0
LADEN,5.0
LADLE,7.0
LAGER,5.0
LANCE,5.0
LANKY,5.0
LAPEL,7.0
LAPSE,5.0
LARGE,5.0
LARVA,7.0
LASSO,7.0
LATCH,5.0
LATER,5.0
LATHE,5.0
LATTE,7.0
LAUGH,5.0
LAYER,5.0
LEACH,5.0
LEAFY,5.0
LEAKY,5.0
LEANT,5.0
LEAPT,5.0
LEARN,5.0
LEASE,7.0
LEASH,5.0
LEAST,5.0
LEAVE,7.0
LEDGE,7.0
LEECH,7.0
LEERY,7.0
LEFTY,5.0
LEGAL,7.0
LEGGY,7.0
LEMON,5.0
LEMUR,5.0
LEPER,7.0
LEVEL,9.0
LEVER,7.0
LIBEL,7.0
LIEGE,7.0
LIGHT,5.0
LIKEN,5.0
LILAC,7.0
LIMBO,5.0
LIMIT,7.0
LINEN,7.0
LINER,5.0
LINGO,5.0
LIPID,7.0
LITHE,5.0
LIVER,5.0
LIVID,7.0
LLAMA,9.0
LOAMY,5.0
LOATH,5.0
LOBBY,7.0
LOCAL,7.0
LOCUS,5.0
LODGE,5.0
LOFTY,5.0
LOGIC,5.0
LOGIN,5.0
LOOPY,7.0
LOOSE,7.0
LORRY,7.0
LOSER,5.0
LOUSE,5.0
LOUSY,5.0
LOVER,5.0
LOWER,5.0
LOWLY,7.0
LOYAL,7.0
LUCID,5.0
LUCKY,5.0
LUMEN,5.0
LUMPY,5.0
LUNAR,5.0
LUNCH,5.0
LUNGE,5.0
LUPUS,7.0
LURCH,5.0
LURID,5.0
LUSTY,5.0
LYING,5.0
LYMPH,5.0
LYRIC,5.0
MACAW,7.0
MACHO,5.0
MACRO,5.0
MADAM,9.0
MADLY,5.0
MAFIA,7.0
MAGIC,5.0
MAGMA,9.0
MAIZE,5.0
MAJOR,5.0
MAKER,5.0
MAMBO,7.0
MAMMA,13.0
MAMMY,11.0
MANGA,7.0
MANGE,5.0
MANGO,5.0
MANGY,5.0
MANIA,7.0
MANIC,5.0
MANLY,5.0
MANOR,5.0
MAPLE,5.0
MARCH,5.0
MARRY,7.0
MARSH,5.0
MASON,5.0
MASSE,7.0
MATCH,5.0
MATEY,5.0
MAUVE,5.0
MAXIM,7.0
MAYBE,5.0
MAYOR,5.0
MEALY,5.0
MEANT,5.0
MEATY,5.0
MECCA,7.0
MEDAL,5.0
MEDIA,5.0
MEDIC,5.0
MELEE,11.0
MELON,5.0
MERCY,5.0
MERGE,7.0
MERIT,5.0
MERRY,7.0
METAL,5.0
METER,7.0
METRO,5.0
MICRO,5.0
MIDGE,5.0
MIDST,5.0
MIGHT,5.0
MILKY,5.0
MIMIC,9.0
MINCE,5.0
MINER,5.0
MINIM,9.0
MINOR,5.0
MINTY,5.0
MINUS,5.0
MIRTH,5.0
MISER,5.0
MISSY,7.0
MOCHA,5.0
MODAL,5.0
MODEL,5.0
MODEM,7.0
MOGUL,5.0
MOIST,5.0
MOLAR,5.0
MOLDY,5.0
MONEY,5.0
MONTH,5.0
MOODY,7.0
MOOSE,7.0
MORAL,5.0
MORON,7.0
MORPH,5.0
MOSSY,7.0
MOTEL,5.0
MOTIF,5.0
MOTOR,7.0
MOTTO,9.0
MOULT,5.0
MOUND,5.0
MOUNT,5.0
MOURN,5.0
MOUSE,5.0
MOUTH,5.0
MOVER,5.0
MOVIE,5.0
MOWER,5.0
MUCKY,5.0
MUCUS,7.0
MUDDY,7.0
MULCH,5.0
MUMMY,11.0
MUNCH,5.0
MURAL,5.0
MURKY,5.0
MUSHY,5.0
MUSIC,5.0
MUSKY,5.0
MUSTY,5.0
MYRRH,7.0
NADIR,5.0
NAIVE,5.0
NANNY,11.0
NASAL,7.0
NASTY,5.0
NATAL,7.0
NAVAL,7.0
NAVEL,5.0
NEEDY,7.0
NEIGH,5.0
NERDY,5.0
NERVE,7.0
NEVER,7.0
NEWER,7.0
NEWLY,5.0
NICER,5.0
NICHE,5.0
NIECE,7.0
NIGHT,5.0
NINJA,7.0
NINNY,11.0
NINTH,7.0
NOBLE,5.0
NOBLY,5.0
NOISE,5.0
NOISY,5.0
NOMAD,5.0
NOOSE,7.0
NORTH,5.0
NOSEY,5.0
NOTCH,5.0
NOVEL,5.0
NUDGE,5.0
NURSE,5.0
NUTTY,7.0
NYLON,7.0
NYMPH,5.0
OAKEN,5.0
OBESE,7.0
OCCUR,7.0
OCEAN,5.0
OCTAL,5.0
OCTET,7.0
ODDER,7.0
ODDLY,7.0
OFFAL,7.0
OFFER,7.0
OFTEN,5.0
OLDEN,5.0
OLDER,5.0
OLIVE,5.0
OMBRE,5.0
OMEGA,5.0
ONION,9.0
ONSET,5.0
OPERA,5.0
OPINE,5.0
OPIUM,5.0
OPTIC,5.0
ORBIT,5.0
ORDER,7.0
ORGAN,5.0
OTHER,5.0
OTTER,7.0
OUGHT,5.0
OUNCE,5.0
OUTDO,7.0
OUTER,5.0
OUTGO,7.0
OVARY,5.0
OVATE,5.0
OVERT,5.0
OVINE,5.0
OVOID,7.0
OWING,5.0
OWNER,5.0
OXIDE,5.0
OZONE,7.0
PADDY,7.0
PAGAN,7.0
PAINT,5.0
PALER,5.0
PALSY,5.0
PANEL,5.0
PANIC,5.0
PANSY,5.0
PAPAL,9.0
PAPER,7.0
PARER,7.0
PARKA,7.0
PARRY,7.0
PARSE,5.0
PARTY,5.0
PASTA,7.0
PASTE,5.0
PASTY,5.0
PATCH,5.0
PATIO,5.0
PATSY,5.0
PATTY,7.0
PAUSE,5.0
PAYEE,7.0
PAYER,5.0
PEACE,7.0
PEACH,5.0
PEARL,5.0
PECAN,5.0
PEDAL,5.0
PENAL,5.0
PENCE,7.0
PENNE,9.0
PENNY,7.0
PERCH,5.0
PERIL,5.0
PERKY,5.0
PESKY,5.0
PESTO,5.0
PETAL,5.0
PETTY,7.0
PHASE,5.0
PHONE,5.0
PHONY,5.0
PHOTO,7.0
PIANO,5.0
PICKY,5.0
PIECE,7.0
PIETY,5.0
PIGGY,7.0
PILOT,5.0
PINCH,5.0
PINEY,5.0
PINKY,5.0
PINTO,5.0
PIPER,7.0
PIQUE,5.0
PITCH,5.0
PITHY,5.0
PIVOT,5.0
PIXEL,5.0
PIXIE,7.0
PIZZA,7.0
PLACE,5.0
PLAID,5.0
PLAIN,5.0
PLAIT,5.0
PLANE,5.0
PLANK,5.0
PLANT,5.0
PLATE,5.0
PLAZA,7.0
PLEAD,5.0
PLEAT,5.0
PLIED,5.0
PLIER,5.0
PLUCK,5.0
PLUMB,5.0
PLUME,5.0
PLUMP,7.0
PLUNK,5.0
PLUSH,5.0
POESY,5.0
POINT,5.0
POISE,5.0
POKER,5.0
POLAR,5.0
POLKA,5.0
POLYP,7.0
POOCH,7.0
POPPY,11.0
PORCH,5.0
POSER,5.0
POSIT,5.0
POSSE,7.0
POUCH,5.0
POUND,5.0
POUTY,5.0
POWER,5.0
PRANK,5.0
PRAWN,5.0
PREEN,7.0
PRESS,7.0
PRICE,5.0
PRICK,5.0
PRIDE,5.0
PRIED,5.0
PRIME,5.0
PRIMO,5.0
PRINT,5.0
PRIOR,7.0
PRISM,5.0
PRIVY,5.0
PRIZE,5.0
PROBE,5.0
PRONE,5.0
PRONG,5.0
PROOF,7.0
PROSE,5.0
PROUD,5.0
PROVE,5.0
PROWL,5.0
PROXY,5.0
PRUDE,5.0
PRUNE,5.0
PSALM,5.0
PUBIC,5.0
PUDGY,5.0
PUFFY,7.0
PULPY,7.0
PULSE,5.0
PUNCH,5.0
PUPIL,7.0
PUPPY,11.0
PUREE,7.0
PURER,7.0
PURGE,5.0
PURSE,5.0
PUSHY,5.0
PUTTY,7.0
PYGMY,7.0
QUACK,5.0
QUAIL,5.0
QUAKE,5.0
QUALM,5.0
QUARK,5.0
QUART,5.0
QUASH,5.0
QUASI,5.0
QUEEN,7.0
QUEER,7.0
QUELL,7.0
QUERY,5.0
QUEST,5.0
QUEUE,9.0
QUICK,5.0
QUIET,5.0
QUILL,7.0
QUILT,5.0
QUIRK,5.0
QUITE,5.0
QUOTA,5.0
QUOTE,5.0
QUOTH,5.0
RABBI,7.0
RABID,5.0
RACER,7.0
RADAR,9.0
RADII,7.0
RADIO,5.0
RAINY,5.0
RAISE,5.0
RAJAH,7.0
RALLY,7.0
RALPH,5.0
RAMEN,5.0
RANCH,5.0
RANDY,5.0
RANGE,5.0
RAPID,5.0
RARER,11.0
RASPY,5.0
RATIO,5.0
RATTY,7.0
RAVEN,5.0
RAYON,5.0
RAZOR,7.0
REACH,5.0
REACT,5.0
READY,5.0
REALM,5.0
REARM,7.0
REBAR,7.0
REBEL,7.0
REBUS,5.0
REBUT,5.0
RECAP,5.0
RECUR,7.0
RECUT,5.0
REEDY,7.0
REFER,9.0
REFIT,5.0
REGAL,5.0
REHAB,5.0
REIGN,5.0
RELAX,5.0
RELAY,5.0
RELIC,5.0
REMIT,5.0
RENAL,5.0
RENEW,7.0
REPAY,5.0
REPEL,7.0
REPLY,5.0
RERUN,7.0
RESET,7.0
RESIN,5.0
RETCH,5.0
RETRO,7.0
RETRY,7.0
REUSE,7.0
REVEL,7.0
REVUE,7.0
RHINO,5.0
RHYME,5.0
RIDER,7.0
RIDGE,5.0
RIFLE,5.0
RIGHT,5.0
RIGID,7.0
RIGOR,7.0
RINSE,5.0
RIPEN,5.0
RIPER,7.0
RISEN,5.0
RISER,7.0
RISKY,5.0
RIVAL,5.0
RIVER,7.0
RIVET,5.0
ROACH,5.0
ROAST,5.0
ROBIN,5.0
ROBOT,7.0
ROCKY,5.0
RODEO,7.0
ROGER,7.0
ROGUE,5.0
ROOMY,7.0
ROOST,7.0
ROTOR,9.0
ROUGE,5.0
ROUGH,5.0
ROUND,5.0
ROUSE,5.0
ROUTE,5.0
ROVER,7.0
ROWDY,5.0
ROWER,7.0
ROYAL,5.0
RUDDY,7.0
RUDER,7.0
RUGBY,5.0
RULER,7.0
RUMBA,5.0
RUMOR,7.0
RUPEE,7.0
RURAL,7.0
RUSTY,5.0
SADLY,5.0
SAFER,5.0
SAINT,5.0
SALAD,7.0
SALLY,7.0
SALON,5.0
SALSA,9.0
SALTY,5.0
SALVE,5.0
SALVO,5.0
SANDY,5.0
SANER,5.0
SAPPY,7.0
SASSY,11.0
SATIN,5.0
SATYR,5.0
SAUCE,5.0
SAUCY,5.0
SAUNA,7.0
SAUTE,5.0
SAVOR,5.0
SAVOY,5.0
SAVVY,7.0
SCALD,5.0
SCALE,5.0
SCALP,5.0
SCALY,5.0
SCAMP,5.0
SCANT,5.0
SCARE,5.0
SCARF,5.0
SCARY,5.0
SCENE,7.0
SCENT,5.0
SCION,5.0
SCOFF,7.0
SCOLD,5.0
SCONE,5.0
SCOOP,7.0
SCOPE,5.0
SCORE,5.0
SCORN,5.0
SCOUR,5.0
SCOUT,5.0
SCOWL,5.0
SCRAM,5.0
SCRAP,5.0
SCREE,7.0
SCREW,5.0
SCRUB,5.0
SCRUM,5.0
SCUBA,5.0
SEDAN,5.0
SEEDY,7.0
SEGUE,7.0
SEIZE,7.0
SEMEN,7.0
SENSE,9.0
SEPIA,5.0
SERIF,5.0
SERUM,5.0
SERVE,7.0
SETUP,5.0
SEVEN,7.0
SEVER,7.0
SEWER,7.0
SHACK,5.0
SHADE,5.0
SHADY,5.0
SHAFT,5.0
SHAKE,5.0
SHAKY,5.0
SHALE,5.0
SHALL,7.0
SHALT,5.0
SHAME,5.0
SHANK,5.0
SHAPE,5.0
SHARD,5.0
SHARE,5.0
SHARK,5.0
SHARP,5.0
SHAVE,5.0
SHAWL,5.0
SHEAR,5.0
SHEEN,7.0
SHEEP,7.0
SHEER,7.0
SHEET,7.0
SHEIK,5.0
SHELF,5.0
SHELL,7.0
SHIED,5.0
SHIFT,5.0
SHINE,5.0
SHINY,5.0
SHIRE,5.0
SHIRK,5.0
SHIRT,5.0
SHOAL,5.0
SHOCK,5.0
SHONE,5.0
SHOOK,7.0
SHOOT,7.0
SHORE,5.0
SHORN,5.0
SHORT,5.0
SHOUT,5.0
SHOVE,5.0
SHOWN,5.0
SHOWY,5.0
SHREW,5.0
SHRUB,5.0
SHRUG,5.0
SHUCK,5.0
SHUNT,5.0
SHUSH,9.0
SHYLY,7.0
SIEGE,7.0
SIEVE,7.0
SIGHT,5.0
SIGMA,5.0
SILKY,5.0
SILLY,7.0
SINCE,5.0
SINEW,5.0
SINGE,5.0
SIREN,5.0
SISSY,11.0
SIXTH,5.0
SIXTY,5.0
SKATE,5.0
SKIER,5.0
SKIFF,7.0
SKILL,7.0
SKIMP,5.0
SKIRT,5.0
SKULK,7.0
SKULL,7.0
SKUNK,7.0
SLACK,5.0
SLAIN,5.0
SLANG,5.0
SLANT,5.0
SLASH,7.0
SLATE,5.0
SLEEK,7.0
SLEEP,7.0
SLEET,7.0
SLEPT,5.0
SLICE,5.0
SLICK,5.0
SLIDE,5.0
SLIME,5.0
SLIMY,5.0
SLING,5.0
SLINK,5.0
SLOOP,7.0
SLOPE,5.0
SLOSH,7.0
SLOTH,5.0
SLUMP,5.0
SLUNG,5.0
SLUNK,5.0
SLURP,5.0
SLUSH,7.0
SLYLY,9.0
SMACK,5.0
SMALL,7.0
SMART,5.0
SMASH,7.0
SMEAR,5.0
SMELL,7.0
SMELT,5.0
SMILE,5.0
SMIRK,5.0
SMITE,5.0
SMITH,5.0
SMOCK,5.0
SMOKE,5.0
SMOKY,5.0
SMOTE,5.0
SNACK,5.0
SNAIL,5.0
SNAKE,5.0
SNAKY,5.0
SNARE,5.0
SNARL,5.0
SNEAK,5.0
SNEER,7.0
SNIDE,5.0
SNIFF,7.0
SNIPE,5.0
SNOOP,7.0
SNORE,5.0
SNORT,5.0
SNOUT,5.0
SNOWY,5.0
SNUCK,5.0
SNUFF,7.0
SOAPY,5.0
SOBER,5.0
SOGGY,7.0
SOLAR,5.0
SOLID,5.0
SOLVE,5.0
SONAR,5.0
SONIC,5.0
SOOTH,7.0
SOOTY,7.0
SORRY,7.0
SOUND,5.0
SOUTH,5.0
SOWER,5.0
SPACE,5.0
SPADE,5.0
SPANK,5.0
SPARE,5.0
SPARK,5.0
SPASM,7.0
SPAWN,5.0
SPEAK,5.0
SPEAR,5.0
SPECK,5.0
SPEED,7.0
SPELL,7.0
SPELT,5.0
SPEND,5.0
SPENT,5.0
SPERM,5.0
SPICE,5.0
SPICY,5.0
SPIED,5.0
SPIEL,5.0
SPIKE,5.0
SPIKY,5.0
SPILL,7.0
SPILT,5.0
SPINE,5.0
SPINY,5.0
SPIRE,5.0
SPITE,5.0
SPLAT,5.0
SPLIT,5.0
SPOIL,5.0
SPOKE,5.0
SPOOF,7.0
SPOOK,7.0
SPOOL,7.0
SPOON,7.0
SPORE,5.0
SPORT,5.0
SPOUT,5.0
SPRAY,5.0
SPREE,7.0
SPRIG,5.0
SPUNK,5.0
SPURN,5.0
SPURT,5.0
SQUAD,5.0
SQUAT,5.0
SQUIB,5.0
STACK,5.0
STAFF,7.0
STAGE,5.0
STAID,5.0
STAIN,5.0
STAIR,5.0
STAKE,5.0
STALE,5.0
STALK,5.0
STALL,7.0
STAMP,5.0
STAND,5.0
STANK,5.0
STARE,5.0
STARK,5.0
START,7.0
STASH,7.0
STATE,7.0
STAVE,5.0
STEAD,5.0
STEAK,5.0
STEAL,5.0
STEAM,5.0
STEED,7.0
STEEL,7.0
STEEP,7.0
STEER,7.0
STEIN,5.0
STERN,5.0
STICK,5.0
STIFF,7.0
STILL,7.0
STILT,7.0
STING,5.0
STINK,5.0
STINT,7.0
STOCK,5.0
STOIC,5.0
STOKE,5.0
STOLE,5.0
STOMP,5.0
STONE,5.0
STONY,5.0
STOOD,7.0
STOOL,7.0
STOOP,7.0
STORE,5.0
STORK,5.0
STORM,5.0
STORY,5.0
STOUT,7.0
STOVE,5.0
STRAP,5.0
STRAW,5.0
STRAY,5.0
STRIP,5.0
STRUT,7.0
STUCK,5.0
STUDY,5.0
STUFF,7.0
STUMP,5.0
STUNG,5.0
STUNK,5.0
STUNT,7.0
STYLE,5.0
SUAVE,5.0
SUGAR,5.0
SUING,5.0
SUITE,5.0
SULKY,5.0
SULLY,7.0
SUMAC,5.0
SUNNY,7.0
SUPER,5.0
SURER,7.0
SURGE,5.0
SURLY,5.0
SUSHI,7.0
SWAMI,5.0
SWAMP,5.0
SWARM,5.0
SWASH,7.0
SWATH,5.0
SWEAR,5.0
SWEAT,5.0
SWEEP,7.0
SWEET,7.0
SWELL,7.0
SWEPT,5.0
SWIFT,5.0
SWILL,7.0
SWINE,5.0
SWING,5.0
SWIRL,5.0
SWISH,7.0
SWOON,7.0
SWOOP,7.0
SWORD,5.0
SWORE,5.0
SWORN,5.0
SWUNG,5.0
SYNOD,5.0
SYRUP,5.0
TABBY,7.0
TABLE,5.0
TABOO,7.0
TACIT,7.0
TACKY,5.0
TAFFY,7.0
TAINT,7.0
TAKEN,5.0
TAKER,5.0
TALLY,7.0
TALON,5.0
TAMER,5.0
TANGO,5.0
TANGY,5.0
TAPER,5.0
TAPIR,5.0
TARDY,5.0
TAROT,7.0
TASTE,7.0
TASTY,7.0
TATTY,11.0
TAUNT,7.0
TAWNY,5.0
TEACH,5.0
TEARY,5.0
TEASE,7.0
TEDDY,7.0
TEETH,9.0
TEMPO,5.0
TENET,9.0
TENOR,5.0
TENSE,7.0
TENTH,7.0
TEPEE,11.0
TEPID,5.0
TERRA,7.0
TERSE,7.0
TESTY,7.0
THANK,5.0
THEFT,7.0
THEIR,5.0
THEME,7.0
THERE,7.0
THESE,7.0
THETA,7.0
THICK,5.0
THIEF,5.0
THIGH,7.0
THING,5.0
THINK,5.0
THIRD,5.0
THONG,5.0
THORN,5.0
THOSE,5.0
THREE,7.0
THREW,5.0
THROB,5.0
THROW,5.0
THRUM,5.0
THUMB,5.0
THUMP,5.0
THYME,5.0
TIARA,7.0
TIBIA,7.0
TIDAL,5.0
TIGER,5.0
TIGHT,7.0
TILDE,5.0
TIMER,5.0
TIMID,7.0
TIPSY,5.0
TITAN,7.0
TITHE,7.0
TITLE,7.0
TOAST,7.0
TODAY,5.0
TODDY,7.0
TOKEN,5.0
TONAL,5.0
TONGA,5.0
TONIC,5.0
TOOTH,9.0
TOPAZ,5.0
TOPIC,5.0
TORCH,5.0
TORSO,7.0
TORUS,5.0
TOTAL,7.0
TOTEM,7.0
TOUCH,5.0
TOUGH,5.0
TOWEL,5.0
TOWER,5.0
TOXIC,5.0
TOXIN,5.0
TRACE,5.0
TRACK,5.0
TRACT,7.0
TRADE,5.0
TRAIL,5.0
TRAIN,5.0
TRAIT,7.0
TRAMP,5.0
TRASH,5.0
TRAWL,5.0
TREAD,5.0
TREAT,7.0
TREND,5.0
TRIAD,5.0
TRIAL,5.0
TRIBE,5.0
TRICE,5.0
TRICK,5.0
TRIED,5.0
TRIPE,5.0
TRITE,7.0
TROLL,7.0
TROOP,7.0
TROPE,5.0
TROUT,7.0
TROVE,5.0
TRUCE,5.0
TRUCK,5.0
TRUER,7.0
TRULY,5.0
TRUMP,5.0
TRUNK,5.0
TRUSS,7.0
TRUST,7.0
TRUTH,7.0
TRYST,7.0
TUBAL,5.0
TUBER,5.0
TULIP,5.0
TULLE,7.0
TUMOR,5.0
TUNIC,5.0
TURBO,5.0
TUTOR,7.0
TWANG,5.0
TWEAK,5.0
TWEED,7.0
TWEET,9.0
TWICE,5.0
TWINE,5.0
TWIRL,5.0
TWIST,7.0
TWIXT,7.0
TYING,5.0
UDDER,7.0
ULCER,5.0
ULTRA,5.0
UMBRA,5.0
UNCLE,5.0
UNCUT,7.0
UNDER,5.0
UNDID,7.0
UNDUE,7.0
UNFED,5.0
UNFIT,5.0
UNIFY,5.0
UNION,7.0
UNITE,5.0
UNITY,5.0
UNLIT,5.0
UNMET,5.0
UNSET,5.0
UNTIE,5.0
UNTIL,5.0
UNWED,5.0
UNZIP,5.0
UPPER,7.0
UPSET,5.0
URBAN,5.0
URINE,5.0
USAGE,5.0
USHER,5.0
USING,5.0
USUAL,7.0
USURP,7.0
UTILE,5.0
UTTER,7.0
VAGUE,5.0
VALET,5.0
VALID,5.0
VALOR,5.0
VALUE,5.0
VALVE,7.0
VAPID,5.0
VAPOR,5.0
VAULT,5.0
VAUNT,5.0
VEGAN,5.0
VENOM,5.0
VENUE,7.0
VERGE,7.0
VERSE,7.0
VERSO,5.0
VERVE,9.0
VICAR,5.0
VIDEO,5.0
VIGIL,7.0
VIGOR,5.0
VILLA,7.0
VINYL,5.0
VIOLA,5.0
VIPER,5.0
VIRAL,5.0
VIRUS,5.0
VISIT,7.0
VISOR,5.0
VISTA,5.0
VITAL,5.0
VIVID,9.0
VIXEN,5.0
VOCAL,5.0
VODKA,5.0
VOGUE,5.0
VOICE,5.0
VOILA,5.0
VOMIT,5.0
VOTER,5.0
VOUCH,5.0
VOWEL,5.0
VYING,5.0
WACKY,5.0
WAFER,5.0
WAGER,5.0
WAGON,5.0
WAIST,5.0
WAIVE,5.0
WALTZ,5.0
WARTY,5.0
WASTE,5.0
WATCH,5.0
WATER,5.0
WAVER,5.0
WAXEN,5.0
WEARY,5.0
WEAVE,7.0
WEDGE,7.0
WEEDY,7.0
WEIGH,5.0
WEIRD,5.0
WELCH,5.0
WELSH,5.0
WHACK,5.0
WHALE,5.0
WHARF,5.0
WHEAT,5.0
WHEEL,7.0
WHELP,5.0
WHERE,7.0
WHICH,7.0
WHIFF,7.0
WHILE,5.0
WHINE,5.0
WHINY,5.0
WHIRL,5.0
WHISK,5.0
WHITE,5.0
WHOLE,5.0
WHOOP,7.0
WHOSE,5.0
WIDEN,5.0
WIDER,5.0
WIDOW,7.0
WIDTH,5.0
WIELD,5.0
WIGHT,5.0
WILLY,7.0
WIMPY,5.0
WINCE,5.0
WINCH,5.0
WINDY,5.0
WISER,5.0
WISPY,5.0
WITCH,5.0
WITTY,7.0
WOKEN,5.0
WOMAN,5.0
WOMEN,5.0
WOODY,7.0
WOOER,7.0
WOOLY,7.0
WOOZY,7.0
WORDY,5.0
WORLD,5.0
WORRY,7.0
WORSE,5.0
WORST,5.0
WORTH,5.0
WOULD,5.0
WOUND,5.0
WOVEN,5.0
WRACK,5.0
WRATH,5.0
WREAK,5.0
WRECK,5.0
WREST,5.0
WRING,5.0
WRIST,5.0
WRITE,5.0
WRONG,5.0
WROTE,5.0
WRUNG,5.0
WRYLY,7.0
YACHT,5.0
YEARN,5.0
YEAST,5.0
YIELD,5.0
YOUNG,5.0
YOUTH,5.0
ZEBRA,5.0
ZESTY,5.0
ZONAL,5.0
